	rank	domain	news	government	ecommerce	http	http_www	https	https_www	country	zone
10	BG-002	24chasa.bg	True	False	False	True	True	True	True	BG	EU
11	BG-003	blitz.bg	True	False	False	True	True	True	True	BG	EU
12	BG-004	novini.bg	True	False	False	True	True	True	True	BG	EU
13	BG-005	marica.bg	True	False	False	True	True	True	True	BG	EU
131	BG-001	olx.bg	False	False	True	True	True	True	True	BG	EU
132	BG-002	emag.bg	False	False	True	True	True	True	True	BG	EU
133	BG-003	bazar.bg	False	False	True	True	True	True	True	BG	EU
134	BG-004	alo.bg	False	False	True	True	True	True	True	BG	EU
135	BG-005	ozone.bg	False	False	True	True	True	True	True	BG	EU
477	BG-001	government.bg	True	True	False	True	True	True	True	BG	EU
478	BG-002	lex.bg	False	True	False	True	True	True	True	BG	EU
480	BG-004	mvr.bg	False	True	False	True	True	True	True	BG	EU
481	BG-005	justice.bg	False	True	False	True	ConnectError	True	ConnectError	BG	EU
41	GR-001	protothema.gr	True	False	False	True	True	True	True	GR	EU
42	GR-003	iefimerida.gr	True	False	False	True	True	True	True	GR	EU
43	GR-004	newsbomb.gr	True	False	False	True	True	True	True	GR	EU
44	GR-005	in.gr	True	False	False	True	True	True	True	GR	EU
157	GR-001	skroutz.gr	False	False	True	True	True	True	True	GR	EU
158	GR-002	bestprice.gr	False	False	True	True	True	True	True	GR	EU
159	GR-004	public.gr	False	False	True	True	True	True	True	GR	EU
160	GR-005	lidl-hellas.gr	False	False	True	True	True	True	True	GR	EU
499	GR-002	aade.gr	False	True	False	True	True	True	True	GR	EU
500	GR-004	ypes.gr	False	True	False	True	True	True	True	GR	EU
14	HR-001	index.hr	True	False	False	True	True	True	True	HR	EU
15	HR-002	jutarnji.hr	True	False	False	True	True	True	True	HR	EU
16	HR-003	vecernji.hr	True	False	False	True	True	True	True	HR	EU
17	HR-004	24sata.hr	True	False	False	True	True	True	True	HR	EU
18	HR-005	slobodnadalmacija.hr	True	False	False	True	True	True	True	HR	EU
136	HR-001	njuskalo.hr	False	False	True	True	True	True	True	HR	EU
137	HR-005	pevex.hr	False	False	True	True	True	True	True	HR	EU
482	HR-001	gov.hr	False	True	False	True	True	True	True	HR	EU
483	HR-005	socskrb.hr	False	True	False	True	True	True	True	HR	EU
62	PL-001	wp.pl	True	False	False	True	True	True	True	PL	EU
63	PL-002	onet.pl	True	False	False	True	True	True	True	PL	EU
64	PL-003	interia.pl	True	False	False	True	True	True	True	PL	EU
65	PL-004	o2.pl	True	False	False	True	True	True	True	PL	EU
66	PL-005	gazeta.pl	True	False	False	True	True	True	True	PL	EU
173	PL-001	allegro.pl	False	False	True	True	True	True	True	PL	EU
174	PL-002	olx.pl	False	False	True	True	True	True	True	PL	EU
175	PL-003	ceneo.pl	False	False	True	True	True	True	True	PL	EU
176	PL-005	pepper.pl	False	False	True	True	True	True	True	PL	EU
515	PL-001	gov.pl	False	True	False	True	True	True	True	PL	EU
516	PL-003	sejm.gov.pl	False	True	False	True	True	True	True	PL	EU
517	PL-004	lodz.pl	False	True	False	True	True	True	True	PL	EU
19	CZ-001	novinky.cz	True	False	False	True	True	True	True	CZ	EU
20	CZ-002	idnes.cz	True	False	False	True	True	True	True	CZ	EU
21	CZ-003	aktualne.cz	True	False	False	True	True	True	True	CZ	EU
22	CZ-004	denik.cz	True	False	False	True	True	True	True	CZ	EU
23	CZ-005	centrum.cz	True	False	False	True	True	True	True	CZ	EU
138	CZ-001	alza.cz	False	False	True	True	True	True	True	CZ	EU
139	CZ-002	heureka.cz	False	False	True	True	True	True	True	CZ	EU
140	CZ-003	bazos.cz	False	False	True	True	True	True	True	CZ	EU
141	CZ-004	zbozi.cz	False	False	True	True	True	True	True	CZ	EU
142	CZ-005	kupi.cz	False	False	True	True	True	True	True	CZ	EU
484	CZ-001	justice.cz	False	True	False	True	True	True	True	CZ	EU
485	CZ-002	mfcr.cz	False	True	False	True	True	True	True	CZ	EU
486	CZ-003	mpsv.cz	False	True	False	True	True	True	True	CZ	EU
74	SK-001	aktuality.sk	True	False	False	True	True	True	True	SK	EU
75	SK-002	topky.sk	True	False	False	True	True	True	True	SK	EU
76	SK-003	sme.sk	True	False	False	True	True	True	True	SK	EU
77	SK-004	cas.sk	True	False	False	True	True	True	True	SK	EU
78	SK-005	dennikn.sk	True	False	False	True	True	True	True	SK	EU
183	SK-001	bazos.sk	False	False	True	True	True	True	True	SK	EU
184	SK-002	heureka.sk	False	False	True	True	True	True	True	SK	EU
185	SK-005	lidl.sk	False	False	True	True	True	True	True	SK	EU
525	SK-002	minv.sk	False	True	False	True	True	True	True	SK	EU
45	HU-001	index.hu	True	False	False	True	True	True	True	HU	EU
46	HU-002	origo.hu	True	False	False	True	True	True	True	HU	EU
48	HU-004	24.hu	True	False	False	True	True	True	True	HU	EU
49	HU-005	blikk.hu	True	False	False	True	True	True	True	HU	EU
161	HU-001	arukereso.hu	False	False	True	True	True	True	True	HU	EU
162	HU-002	emag.hu	False	False	True	True	True	True	True	HU	EU
163	HU-003	jofogas.hu	False	False	True	True	True	True	True	HU	EU
502	HU-002	magyarorszag.hu	False	True	False	True	True	True	True	HU	EU
503	HU-005	kormany.hu	False	True	False	True	True	True	True	HU	EU
28	FI-001	iltalehti.fi	True	False	False	True	True	True	True	FI	EU
29	FI-002	yle.fi	True	False	False	True	True	True	True	FI	EU
30	FI-003	hs.fi	True	False	False	True	True	True	True	FI	EU
31	FI-004	mtvuutiset.fi	True	False	False	True	True	True	True	FI	EU
32	FI-005	ampparit.com	True	False	False	True	True	True	True	FI	EU
147	FI-001	tori.fi	False	False	True	True	True	True	True	FI	EU
490	FI-002	kela.fi	False	True	False	True	True	True	True	FI	EU
70	RO-002	digi24.ro	True	False	False	True	True	True	True	RO	EU
71	RO-003	adevarul.ro	True	False	False	True	True	True	True	RO	EU
72	RO-004	libertatea.ro	True	False	False	True	True	True	True	RO	EU
73	RO-005	stiripesurse.ro	True	False	False	True	True	True	True	RO	EU
180	RO-001	emag.ro	False	False	True	True	True	True	True	RO	EU
181	RO-002	olx.ro	False	False	True	True	True	True	True	RO	EU
182	RO-005	compari.ro	False	False	True	True	True	True	True	RO	EU
521	RO-002	just.ro	False	True	False	ConnectTimeout	True	ConnectTimeout	SSLCertVerificationError	RO	EU
522	RO-003	lege5.ro	False	True	False	True	True	True	SSLCertVerificationError	RO	EU
523	RO-004	avocatnet.ro	False	True	False	True	True	True	True	RO	EU
524	RO-005	anaf.ro	False	True	False	True	True	True	True	RO	EU
33	FR-001	ouest-france.fr	True	False	False	True	True	ConnectError	True	FR	EU
34	FR-002	lefigaro.fr	True	False	False	True	True	True	True	FR	EU
35	FR-003	lemonde.fr	True	False	False	True	True	True	True	FR	EU
36	FR-005	actu.fr	True	False	False	True	True	True	True	FR	EU
7	BE-003	sudinfo.be	True	False	False	True	True	True	True	BE	EU
8	BE-004	rtbf.be	True	False	False	True	True	True	True	BE	EU
148	FR-001	amazon.fr	False	False	True	True	True	True	True	FR	EU
149	FR-002	leboncoin.fr	False	False	True	True	True	True	True	FR	EU
150	FR-004	fnac.com	False	False	True	True	True	True	True	FR	EU
151	FR-005	cdiscount.com	False	False	True	ConnectTimeout	True	True	True	FR	EU
491	FR-002	service-public.fr	False	True	False	True	True	True	True	FR	EU
492	FR-003	impots.gouv.fr	False	True	False	True	True	True	True	FR	EU
493	FR-004	franceconnect.gouv.fr	False	True	False	True	ConnectError	True	ConnectError	FR	EU
494	FR-005	interieur.gouv.fr	False	True	False	True	True	True	True	FR	EU
67	PT-003	iol.pt	True	False	False	True	True	True	True	PT	EU
68	PT-004	publico.pt	True	False	False	True	True	True	True	PT	EU
69	PT-005	expresso.pt	True	False	False	True	True	True	True	PT	EU
177	PT-001	worten.pt	False	False	True	True	True	True	True	PT	EU
178	PT-002	olx.pt	False	False	True	True	True	True	True	PT	EU
179	PT-003	amazon.es	False	False	True	True	True	True	True	PT	EU
519	PT-002	acesso.gov.pt	False	True	False	True	True	True	True	PT	EU
520	PT-004	seg-social.pt	False	True	False	True	True	True	True	PT	EU
79	ES-001	elmundo.es	True	False	False	True	True	True	True	ES	EU
80	ES-002	abc.es	True	False	False	True	True	True	True	ES	EU
81	ES-003	lavanguardia.com	True	False	False	True	True	True	True	ES	EU
82	ES-004	elconfidencial.com	True	False	False	True	True	True	True	ES	EU
83	ES-005	elespanol.com	True	False	False	True	True	True	True	ES	EU
187	ES-002	elcorteingles.es	False	False	True	True	ReadTimeout	True	ReadTimeout	ES	EU
527	ES-001	juntadeandalucia.es	False	True	False	True	True	True	ConnectTimeout	ES	EU
528	ES-002	gencat.cat	False	True	False	True	True	True	True	ES	EU
529	ES-003	clave.gob.es	False	True	False	True	True	True	SSLCertVerificationError	ES	EU
530	ES-005	madrid.org	False	True	False	ConnectError	True	ConnectError	True	ES	EU
53	IT-001	repubblica.it	True	False	False	True	True	True	True	IT	EU
54	IT-002	corriere.it	True	False	False	True	True	True	True	IT	EU
55	IT-003	ansa.it	True	False	False	True	True	True	True	IT	EU
56	IT-004	ilfattoquotidiano.it	True	False	False	True	True	True	True	IT	EU
57	IT-005	libero.it	True	False	False	True	True	True	True	IT	EU
165	IT-001	amazon.it	False	False	True	True	True	True	True	IT	EU
166	IT-002	subito.it	False	False	True	True	True	True	True	IT	EU
167	IT-003	ebay.it	False	False	True	True	True	True	True	IT	EU
508	IT-001	agenziaentrate.gov.it	False	True	False	True	True	True	True	IT	EU
509	IT-002	inps.it	False	True	False	True	True	True	True	IT	EU
510	IT-004	mef.gov.it	False	True	False	ConnectError	True	ConnectError	True	IT	EU
511	IT-005	interno.gov.it	False	True	False	True	True	True	True	IT	EU
24	DK-001	ekstrabladet.dk	True	False	False	True	True	True	True	DK	EU
25	DK-002	bt.dk	True	False	False	True	True	True	True	DK	EU
26	DK-004	politiken.dk	True	False	False	True	True	True	True	DK	EU
27	DK-005	berlingske.dk	True	False	False	True	True	True	True	DK	EU
143	DK-001	dba.dk	False	False	True	True	True	True	True	DK	EU
144	DK-002	pricerunner.dk	False	False	True	True	True	True	True	DK	EU
145	DK-004	amazon.de	False	False	True	True	True	True	True	DK	EU
146	DK-005	coop.dk	False	False	True	True	True	True	True	DK	EU
489	DK-005	retsinformation.dk	False	True	False	True	True	True	True	DK	EU
84	SE-001	aftonbladet.se	True	False	False	True	True	True	True	SE	EU
85	SE-002	expressen.se	True	False	False	True	True	True	True	SE	EU
86	SE-003	dn.se	True	False	False	True	True	True	True	SE	EU
87	SE-004	svd.se	True	False	False	True	True	True	True	SE	EU
188	SE-001	blocket.se	False	False	True	True	True	True	True	SE	EU
189	SE-002	amazon.se	False	False	True	True	True	True	True	SE	EU
190	SE-003	tradera.com	False	False	True	True	True	True	True	SE	EU
191	SE-004	prisjakt.nu	False	False	True	True	True	True	True	SE	EU
192	SE-005	clasohlson.com	False	False	True	True	True	True	True	SE	EU
531	SE-002	polisen.se	False	True	False	True	True	True	True	SE	EU
532	SE-004	migrationsverket.se	False	True	False	True	True	True	True	SE	EU
533	SE-005	riksdagen.se	False	True	False	True	True	True	True	SE	EU
37	DE-001	bild.de	True	False	False	True	True	True	True	DE	EU
38	DE-002	t-online.de	True	False	False	True	True	True	True	DE	EU
39	DE-004	n-tv.de	True	False	False	True	True	True	True	DE	EU
40	DE-005	focus.de	True	False	False	True	True	True	True	DE	EU
153	DE-002	ebay.de	False	False	True	True	True	True	True	DE	EU
154	DE-003	kleinanzeigen.de	False	False	True	True	ReadTimeout	True	ReadTimeout	DE	EU
155	DE-004	otto.de	False	False	True	True	True	True	True	DE	EU
156	DE-005	idealo.de	False	False	True	True	True	True	True	DE	EU
495	DE-002	bayern.de	False	True	False	True	True	True	True	DE	EU
496	DE-003	berlin.de	False	True	False	True	True	True	True	DE	EU
497	DE-004	hessen.de	False	True	False	True	True	True	True	DE	EU
498	DE-005	bund.de	False	True	False	True	True	True	True	DE	EU
0	AT-001	krone.at	True	False	False	True	True	True	True	AT	EU
1	AT-002	heute.at	True	False	False	True	True	True	True	AT	EU
2	AT-003	oe24.at	True	False	False	True	True	True	True	AT	EU
3	AT-004	meinbezirk.at	True	False	False	True	True	True	True	AT	EU
4	AT-005	gmx.at	True	False	False	True	True	True	True	AT	EU
123	AT-002	willhaben.at	False	False	True	True	True	True	True	AT	EU
124	AT-003	ebay.at	False	False	True	True	True	True	True	AT	EU
125	AT-004	geizhals.at	False	False	True	True	True	True	True	AT	EU
126	AT-005	preisjaeger.at	False	False	True	True	True	True	True	AT	EU
467	AT-001	oesterreich.gv.at	False	True	False	True	True	True	True	AT	EU
468	AT-002	bmf.gv.at	False	True	False	True	True	True	True	AT	EU
469	AT-003	bka.gv.at	False	True	False	True	True	True	True	AT	EU
471	AT-005	tirol.gv.at	False	True	False	True	True	True	True	AT	EU
526	SK-003	europa.eu	False	True	False	True	True	True	True	SK	EU
505	IE-003	citizensinformation.ie	True	True	False	True	True	SSLCertVerificationError	True	IE	EU
50	IE-001	independent.ie	True	False	False	True	True	True	True	IE	EU
51	IE-002	rte.ie	True	False	False	True	True	True	True	IE	EU
52	IE-003	irishtimes.com	True	False	False	True	True	True	True	IE	EU
164	IE-002	donedeal.ie	False	False	True	True	True	True	True	IE	EU
504	IE-002	revenue.ie	False	True	False	True	True	True	True	IE	EU
506	IE-004	gov.ie	False	True	False	True	True	True	True	IE	EU
507	IE-005	mywelfare.ie	False	True	False	True	True	True	True	IE	EU
5	BE-001	hln.be	True	False	False	True	True	True	True	BE	EU
6	BE-002	nieuwsblad.be	True	False	False	True	True	SSLError	True	BE	EU
9	BE-005	gva.be	True	False	False	True	True	SSLError	True	BE	EU
128	BE-002	2dehands.be	False	False	True	True	True	True	True	BE	EU
130	BE-005	2ememain.be	False	False	True	True	True	True	True	BE	EU
472	BE-001	belgium.be	False	True	False	True	True	True	True	BE	EU
473	BE-002	fgov.be	False	True	False	True	True	True	True	BE	EU
474	BE-003	vlaanderen.be	False	True	False	True	True	True	True	BE	EU
476	BE-005	socialsecurity.be	False	True	False	True	True	True	True	BE	EU
58	NL-001	nu.nl	True	False	False	True	True	True	True	NL	EU
59	NL-003	telegraaf.nl	True	False	False	True	True	True	True	NL	EU
60	NL-004	rtlnieuws.nl	True	False	False	True	True	True	True	NL	EU
61	NL-005	volkskrant.nl	True	False	False	True	True	True	True	NL	EU
168	NL-001	bol.com	False	False	True	True	True	True	True	NL	EU
169	NL-002	marktplaats.nl	False	False	True	True	True	True	True	NL	EU
170	NL-003	amazon.nl	False	False	True	True	True	True	True	NL	EU
171	NL-004	tweakers.net	False	False	True	True	True	True	True	NL	EU
172	NL-005	jumbo.com	False	False	True	True	True	True	True	NL	EU
512	NL-003	overheid.nl	False	True	False	True	True	True	True	NL	EU
513	NL-004	politie.nl	False	True	False	True	True	True	True	NL	EU
193	GB-001	bbc.co.uk	True	False	False	True	True	True	True	GB	GB
194	GB-002	dailymail.co.uk	True	False	False	True	True	True	True	GB	GB
195	GB-003	theguardian.com	True	False	False	True	True	True	True	GB	GB
196	GB-005	telegraph.co.uk	True	False	False	True	True	True	True	GB	GB
197	GB-006	thetimes.co.uk	True	False	False	True	True	True	True	GB	GB
198	GB-007	skynews.com	True	False	False	True	True	True	True	GB	GB
199	GB-008	thesun.co.uk	True	False	False	True	True	True	True	GB	GB
200	GB-010	mirror.co.uk	True	False	False	True	True	True	True	GB	GB
201	GB-012	independent.co.uk	True	False	False	True	True	True	True	GB	GB
202	GB-013	metro.co.uk	True	False	False	True	True	True	True	GB	GB
203	GB-014	dailyexpress.co.uk	True	False	False	True	True	True	True	GB	GB
204	GB-015	manchestereveningnews.co.uk	True	False	False	True	True	True	True	GB	GB
205	GB-016	inews.co.uk	True	False	False	True	True	True	True	GB	GB
206	GB-018	standard.co.uk	True	False	False	True	True	True	True	GB	GB
207	GB-019	gbnews.uk	True	False	False	True	True	True	True	GB	GB
208	GB-021	dailyrecord.co.uk	True	False	False	True	True	True	True	GB	GB
209	GB-022	walesonline.co.uk	True	False	False	True	True	True	True	GB	GB
210	GB-023	ft.com	True	False	False	True	True	True	True	GB	GB
211	GB-025	liverpoolecho.co.uk	True	False	False	True	True	True	True	GB	GB
212	GB-026	birminghammail.co.uk	True	False	False	True	True	True	True	GB	GB
213	GB-029	ladbible.com	True	False	False	True	True	True	True	GB	GB
214	GB-031	inyourarea.co.uk	True	False	False	True	True	True	True	GB	GB
215	GB-037	chroniclelive.co.uk	True	False	False	True	True	True	True	GB	GB
216	GB-040	examinerlive.co.uk	True	False	False	True	True	True	True	GB	GB
217	GB-045	nottinghampost.com	True	False	False	True	True	True	True	GB	GB
218	GB-046	bristolpost.co.uk	True	False	False	True	True	True	True	GB	GB
219	GB-049	mylondon.news	True	False	False	True	True	True	True	GB	GB
220	GB-052	bbc.com	True	False	False	True	True	True	True	GB	GB
545	GB-901	express.co.uk	True	False	False	True	True	True	True	GB	GB
290	GB-001	amazon.co.uk	False	False	True	True	True	True	True	GB	GB
291	GB-002	ebay.co.uk	False	False	True	True	True	True	True	GB	GB
292	GB-004	argos.co.uk	False	False	True	True	True	True	True	GB	GB
293	GB-005	next.co.uk	False	False	True	True	True	True	True	GB	GB
294	GB-009	marksandspencer.com	False	False	True	True	True	True	True	GB	GB
295	GB-010	screwfix.com	False	False	True	True	True	True	True	GB	GB
296	GB-011	boots.com	False	False	True	True	True	True	True	GB	GB
297	GB-013	dunelm.com	False	False	True	True	True	True	True	GB	GB
298	GB-016	sainsburys.co.uk	False	False	True	True	True	True	True	GB	GB
299	GB-021	currys.co.uk	False	False	True	True	True	True	True	GB	GB
300	GB-023	jdsports.co.uk	False	False	True	True	True	ConnectTimeout	True	GB	GB
301	GB-024	sportsdirect.com	False	False	True	True	True	ReadTimeout	ReadTimeout	GB	GB
302	GB-025	wickes.co.uk	False	False	True	True	True	True	True	GB	GB
303	GB-027	therange.co.uk	False	False	True	True	True	True	True	GB	GB
304	GB-031	halfords.com	False	False	True	True	True	True	True	GB	GB
305	GB-032	wayfair.co.uk	False	False	True	True	True	True	True	GB	GB
306	GB-035	boohoo.com	False	False	True	True	True	True	True	GB	GB
307	GB-037	toolstation.com	False	False	True	True	True	True	True	GB	GB
308	GB-039	riverisland.com	False	False	True	True	True	True	True	GB	GB
309	GB-041	aldi.co.uk	False	False	True	True	True	True	True	GB	GB
310	GB-043	matalan.co.uk	False	False	True	True	True	True	True	GB	GB
311	GB-046	lookfantastic.com	False	False	True	True	True	True	True	GB	GB
312	GB-049	ocado.com	False	False	True	True	True	True	True	GB	GB
313	GB-050	bmstores.co.uk	False	False	True	True	True	True	True	GB	GB
534	GB-901	tesco.com	False	False	True	ReadTimeout	ReadTimeout	ReadTimeout	True	GB	GB
535	GB-902	waitrose.com	False	False	True	ReadTimeout	ReadTimeout	ReadTimeout	True	GB	GB
536	GB-903	asda.com	False	False	True	True	True	True	True	GB	GB
537	GB-904	johnlewis.com	False	False	True	ReadTimeout	ReadTimeout	ReadTimeout	True	GB	GB
538	GB-905	hotukdeals.com	False	False	True	True	True	True	True	GB	GB
539	GB-906	diy.com	False	False	True	True	True	True	True	GB	GB
121	GB-102	gov.uk	False	True	False	True	True	True	True	GB	GB
88	GB-001	www.gov.uk	False	True	False	True	ConnectError	True	ConnectError	GB	GB
89	GB-002	national-lottery.co.uk	False	True	False	True	True	True	True	GB	GB
90	GB-005	postoffice.co.uk	False	True	False	True	True	True	True	GB	GB
91	GB-009	dvsa.gov.uk	False	True	False	True	True	True	SSLCertVerificationError	GB	GB
92	GB-013	dvla.gov.uk	False	True	False	True	ConnectError	True	ConnectError	GB	GB
93	GB-015	dwp.gov.uk	False	True	False	True	True	SSLCertVerificationError	SSLCertVerificationError	GB	GB
94	GB-018	mod.uk	False	True	False	True	True	ConnectError	SSLCertVerificationError	GB	GB
95	GB-024	legislation.gov.uk	False	True	False	True	True	True	True	GB	GB
96	GB-028	nidirect.gov.uk	False	True	False	True	True	True	True	GB	GB
97	GB-031	ons.gov.uk	False	True	False	True	True	ConnectError	True	GB	GB
98	GB-033	38degrees.org.uk	False	True	False	True	True	True	True	GB	GB
99	GB-041	parkrun.org.uk	False	True	False	True	True	True	True	GB	GB
100	GB-045	southend.gov.uk	False	True	False	True	True	True	True	GB	GB
101	GB-048	birmingham.gov.uk	False	True	False	True	True	SSLCertVerificationError	True	GB	GB
102	GB-049	nationalarchives.gov.uk	False	True	False	True	True	True	True	GB	GB
103	GB-050	pepipoo.com	False	True	False	True	True	SSLCertVerificationError	SSLCertVerificationError	GB	GB
104	GB-051	bristol.gov.uk	False	True	False	True	True	True	True	GB	GB
105	GB-054	food.gov.uk	False	True	False	True	True	True	True	GB	GB
106	GB-057	www.england.nhs.uk	False	True	False	True	ConnectError	True	ConnectError	GB	GB
107	GB-061	harrow.gov.uk	False	True	False	True	True	True	True	GB	GB
108	GB-065	edinburgh.gov.uk	False	True	False	True	True	True	True	GB	GB
109	GB-069	leeds.gov.uk	False	True	False	True	True	True	True	GB	GB
110	GB-070	shelter.org.uk	False	True	False	True	True	True	True	GB	GB
111	GB-071	111.nhs.uk	False	True	False	True	True	True	True	GB	GB
112	GB-074	hmrc.gov.uk	False	True	False	True	True	True	True	GB	GB
113	GB-076	manchester.gov.uk	False	True	False	True	True	True	True	GB	GB
114	GB-080	www.gov.scot	False	True	False	True	ConnectError	True	ConnectError	GB	GB
115	GB-083	labour.org.uk	False	True	False	True	True	True	True	GB	GB
116	GB-084	blog.gov.uk	False	True	False	True	True	True	True	GB	GB
117	GB-089	london.gov.uk	False	True	False	True	True	True	True	GB	GB
118	GB-090	www.met.police.uk	False	True	False	True	ConnectError	True	ConnectError	GB	GB
119	GB-097	durham.gov.uk	False	True	False	True	True	True	True	GB	GB
120	GB-101	service.gov.uk	False	True	False	True	ConnectError	True	ConnectError	GB	GB
546	GB-902	dailystar.co.uk	False	False	False	True	True	True	True	GB	GB
406	CA-005	cbc.ca	True	False	False	True	True	True	True	CA	CA
407	CA-006	lapresse.ca	True	False	False	True	True	True	True	CA	CA
408	CA-011	ctvnews.ca	True	False	False	True	True	True	True	CA	CA
409	CA-012	journaldemontreal.com	True	False	False	True	True	True	True	CA	CA
410	CA-013	radio-canada.ca	True	False	False	True	True	True	True	CA	CA
411	CA-016	globalnews.ca	True	False	False	True	True	True	True	CA	CA
412	CA-017	tvanouvelles.ca	True	False	False	True	True	True	True	CA	CA
413	CA-021	cp24.com	True	False	False	True	True	True	True	CA	CA
414	CA-022	nationalpost.com	True	False	False	True	True	True	True	CA	CA
415	CA-023	citynews.ca	True	False	False	True	True	True	True	CA	CA
416	CA-026	dailyhive.com	True	False	False	True	True	True	True	CA	CA
417	CA-028	journaldequebec.com	True	False	False	True	True	True	True	CA	CA
418	CA-029	thestar.com	True	False	False	True	True	True	True	CA	CA
419	CA-038	hockey30.com	True	False	False	True	True	True	True	CA	CA
420	CA-042	ledevoir.com	True	False	False	True	True	True	True	CA	CA
421	CA-044	vancouversun.com	True	False	False	True	True	True	True	CA	CA
422	CA-047	torontosun.com	True	False	False	True	True	True	True	CA	CA
423	CA-049	montrealgazette.com	True	False	False	True	True	True	True	CA	CA
424	CA-056	tvasports.ca	True	False	False	True	True	True	True	CA	CA
425	CA-062	castanet.net	True	False	False	True	True	True	True	CA	CA
426	CA-075	calgaryherald.com	True	False	False	True	True	True	True	CA	CA
427	CA-079	lesoleil.com	True	False	False	True	True	True	True	CA	CA
428	CA-080	canoe.com	True	False	False	True	True	True	True	CA	CA
429	CA-093	ottawacitizen.com	True	False	False	True	True	True	True	CA	CA
430	CA-097	lenecrologue.com	True	False	False	True	True	True	True	CA	CA
540	CA-901	theglobeandmail.com	True	False	False	True	True	True	True	CA	CA
541	CA-902	journalmetro.com	True	False	False	True	True	True	True	CA	CA
542	CA-903	latribune.ca	True	False	False	True	True	True	True	CA	CA
543	CA-904	ledroit.com	True	False	False	True	True	True	True	CA	CA
544	CA-905	lavoixdelest.ca	True	False	False	True	True	True	True	CA	CA
251	CA-002	walmart.ca	False	False	True	True	True	True	True	CA	CA
252	CA-003	canadiantire.ca	False	False	True	True	ReadTimeout	True	ReadTimeout	CA	CA
253	CA-004	bestbuy.ca	False	False	True	True	ReadTimeout	True	ReadTimeout	CA	CA
254	CA-007	homedepot.ca	False	False	True	True	True	True	True	CA	CA
255	CA-009	redflagdeals.com	False	False	True	True	True	True	True	CA	CA
256	CA-014	thebay.com	False	False	True	True	True	True	True	CA	CA
257	CA-015	indigo.ca	False	False	True	True	True	True	True	CA	CA
258	CA-018	sportchek.ca	False	False	True	True	ReadTimeout	True	ReadTimeout	CA	CA
259	CA-022	gapcanada.ca	False	False	True	True	True	True	True	CA	CA
260	CA-023	rona.ca	False	False	True	True	True	True	True	CA	CA
261	CA-029	lululemon.com	False	False	True	True	ReadTimeout	True	ReadTimeout	CA	CA
262	CA-030	canadacomputers.com	False	False	True	True	True	True	True	CA	CA
263	CA-032	shop.app	False	False	True	True	True	True	True	CA	CA
264	CA-035	amzn.to	False	False	True	True	True	True	SSLCertVerificationError	CA	CA
265	CA-037	princessauto.com	False	False	True	True	True	SSLCertVerificationError	True	CA	CA
266	CA-040	simons.ca	False	False	True	True	True	True	True	CA	CA
267	CA-041	smartcanucks.ca	False	False	True	True	True	True	True	CA	CA
268	CA-042	marks.com	False	False	True	True	ReadTimeout	True	ReadTimeout	CA	CA
269	CA-049	aritzia.com	False	False	True	True	True	True	True	CA	CA
270	CA-051	circulaires.com	False	False	True	True	True	True	True	CA	CA
271	CA-055	londondrugs.com	False	False	True	True	True	True	True	CA	CA
272	CA-060	thesource.ca	False	False	True	True	True	True	True	CA	CA
273	CA-063	mec.ca	False	False	True	True	True	True	True	CA	CA
274	CA-067	iga.net	False	False	True	True	True	True	True	CA	CA
275	CA-068	homehardware.ca	False	False	True	True	True	True	True	CA	CA
276	CA-069	gianttiger.com	False	False	True	True	True	True	True	CA	CA
277	CA-070	toysrus.ca	False	False	True	True	True	True	True	CA	CA
278	CA-076	instacart.ca	False	False	True	True	True	True	True	CA	CA
279	CA-077	footlocker.ca	False	False	True	True	True	True	True	CA	CA
280	CA-078	saveonfoods.com	False	False	True	True	True	True	True	CA	CA
281	CA-080	adidas.ca	False	False	True	True	ReadTimeout	True	ReadTimeout	CA	CA
282	CA-081	long-mcquade.com	False	False	True	True	True	True	True	CA	CA
283	CA-085	rtings.com	False	False	True	True	True	True	True	CA	CA
284	CA-087	ssense.com	False	False	True	True	True	True	True	CA	CA
285	CA-089	brownsshoes.com	False	False	True	True	True	True	True	CA	CA
286	CA-091	memoryexpress.com	False	False	True	True	True	True	True	CA	CA
287	CA-097	nofrills.ca	False	False	True	True	True	True	True	CA	CA
288	CA-099	kijiji.ca	False	False	True	True	True	True	True	CA	CA
289	CA-100	loblaws.ca	False	False	True	True	True	True	True	CA	CA
453	CA-055	canadavisa.com	False	True	False	True	True	True	True	CA	CA
457	CA-069	vfsglobal.ca	False	True	False	True	True	True	True	CA	CA
456	CA-067	conservative.ca	False	True	False	True	True	True	True	CA	CA
460	CA-073	educaloi.qc.ca	False	True	False	True	True	True	True	CA	CA
437	CA-013	quebec.ca	False	True	False	True	True	True	True	CA	CA
447	CA-031	revenuquebec.ca	False	True	False	True	True	True	True	CA	CA
463	CA-089	laval.ca	False	True	False	True	True	EndOfStream	True	CA	CA
466	CA-100	assnat.qc.ca	False	True	False	True	True	True	True	CA	CA
433	CA-008	gov.bc.ca	False	True	False	True	True	True	True	CA	CA
434	CA-009	ontario.ca	False	True	False	True	True	True	True	CA	CA
438	CA-015	alberta.ca	False	True	False	True	True	True	True	CA	CA
439	CA-016	gov.on.ca	False	True	False	True	True	True	True	CA	CA
442	CA-022	toronto.ca	False	True	False	True	True	ConnectTimeout	True	CA	CA
445	CA-027	montreal.ca	False	True	False	True	True	True	True	CA	CA
450	CA-042	calgary.ca	False	True	False	True	True	True	True	CA	CA
451	CA-045	ottawa.ca	False	True	False	True	True	True	True	CA	CA
454	CA-056	novascotia.ca	False	True	False	True	True	True	True	CA	CA
455	CA-060	drivebc.ca	False	True	False	True	True	True	True	CA	CA
459	CA-072	saskatchewan.ca	False	True	False	True	True	True	True	CA	CA
461	CA-077	mississauga.ca	False	True	False	True	True	True	True	CA	CA
462	CA-080	surrey.ca	False	True	False	True	True	True	True	CA	CA
464	CA-091	gnb.ca	False	True	False	True	True	True	True	CA	CA
443	CA-024	ourcommons.ca	False	True	False	True	True	True	True	CA	CA
432	CA-005	weather.gc.ca	False	True	False	True	True	True	True	CA	CA
441	CA-021	meteo.gc.ca	False	True	False	True	True	True	True	CA	CA
431	CA-001	canada.ca	False	True	False	True	True	True	True	CA	CA
435	CA-011	cic.gc.ca	False	True	False	True	True	True	True	CA	CA
436	CA-012	cra-arc.gc.ca	False	True	False	True	True	True	True	CA	CA
440	CA-019	clegc-gckey.gc.ca	False	True	False	True	True	True	True	CA	CA
444	CA-025	hrdc-drhc.gc.ca	False	True	False	True	ConnectError	True	ConnectError	CA	CA
446	CA-030	statcan.gc.ca	False	True	False	True	True	True	True	CA	CA
448	CA-036	justice.gc.ca	False	True	False	True	True	True	True	CA	CA
449	CA-041	cfp-psc.gc.ca	False	True	False	True	True	ConnectTimeout	ConnectTimeout	CA	CA
452	CA-054	cbsa-asfc.gc.ca	False	True	False	True	True	True	True	CA	CA
458	CA-070	international.gc.ca	False	True	False	True	True	True	True	CA	CA
465	CA-095	servicecanada.gc.ca	False	True	False	True	ConnectError	True	ConnectError	CA	CA
236	US-026	politico.com	True	True	False	True	True	True	True	US	US
238	US-029	thehill.com	True	True	False	True	True	True	True	US	US
221	US-001	nytimes.com	True	False	False	True	True	True	True	US	US
222	US-002	cnn.com	True	False	False	True	True	True	True	US	US
223	US-004	msn.com	True	False	False	True	True	True	True	US	US
224	US-007	usatoday.com	True	False	False	True	True	True	True	US	US
225	US-008	news.google.com	True	False	False	True	True	True	True	US	US
226	US-009	nypost.com	True	False	False	True	True	True	True	US	US
227	US-011	washingtonpost.com	True	False	False	True	True	True	True	US	US
228	US-013	news.yahoo.com	True	False	False	True	True	RemoteProtocolError	True	US	US
229	US-014	cnbc.com	True	False	False	True	True	True	True	US	US
230	US-016	newsweek.com	True	False	False	True	True	True	True	US	US
231	US-018	wsj.com	True	False	False	True	True	True	True	US	US
232	US-019	apnews.com	True	False	False	True	True	True	True	US	US
233	US-020	nbcnews.com	True	False	False	True	True	True	True	US	US
234	US-021	cbsnews.com	True	False	False	True	True	True	True	US	US
235	US-023	buzzfeed.com	True	False	False	True	True	True	True	US	US
237	US-028	abcnews.go.com	True	False	False	True	True	True	True	US	US
239	US-030	huffpost.com	True	False	False	True	True	True	True	US	US
240	US-031	drudgereport.com	True	False	False	True	True	True	True	US	US
241	US-033	latimes.com	True	False	False	True	True	True	True	US	US
242	US-036	patch.com	True	False	False	True	True	True	True	US	US
243	US-038	sfgate.com	True	False	False	True	True	True	True	US	US
244	US-039	bloomberg.com	True	False	False	True	True	True	True	US	US
245	US-040	today.com	True	False	False	True	True	True	True	US	US
246	US-044	thedailybeast.com	True	False	False	True	True	True	True	US	US
247	US-045	newsbreak.com	True	False	False	True	True	True	True	US	US
248	US-046	newsmax.com	True	False	False	True	True	True	True	US	US
249	US-048	theepochtimes.com	True	False	False	True	True	True	True	US	US
250	US-052	yahoo.com	True	False	False	True	True	True	True	US	US
372	US-001	amazon.com	False	False	True	True	True	True	True	US	US
373	US-002	ebay.com	False	False	True	True	True	True	True	US	US
374	US-003	walmart.com	False	False	True	True	True	True	True	US	US
375	US-004	etsy.com	False	False	True	True	True	True	True	US	US
376	US-005	target.com	False	False	True	True	True	True	True	US	US
377	US-007	homedepot.com	False	False	True	True	True	True	True	US	US
378	US-009	bestbuy.com	False	False	True	True	ReadTimeout	True	ReadTimeout	US	US
379	US-011	macys.com	False	False	True	True	True	True	True	US	US
380	US-012	wayfair.com	False	False	True	True	True	True	True	US	US
381	US-013	lowes.com	False	False	True	True	ReadTimeout	True	ReadTimeout	US	US
382	US-014	kohls.com	False	False	True	True	True	True	True	US	US
383	US-015	costco.com	False	False	True	True	ReadTimeout	True	ReadTimeout	US	US
384	US-016	gap.com	False	False	True	True	True	True	True	US	US
385	US-017	temu.com	False	False	True	True	True	True	True	US	US
386	US-019	slickdeals.net	False	False	True	True	True	True	True	US	US
387	US-020	nike.com	False	False	True	True	True	True	True	US	US
388	US-022	nordstrom.com	False	False	True	True	True	True	True	US	US
389	US-024	jcpenney.com	False	False	True	True	True	True	True	US	US
390	US-025	ulta.com	False	False	True	True	True	True	True	US	US
391	US-026	poshmark.com	False	False	True	True	True	True	True	US	US
392	US-027	walgreens.com	False	False	True	True	True	True	True	US	US
393	US-028	sephora.com	False	False	True	True	ReadTimeout	True	ReadTimeout	US	US
394	US-030	dickssportinggoods.com	False	False	True	True	True	True	True	US	US
395	US-031	samsclub.com	False	False	True	True	True	True	True	US	US
396	US-034	bathandbodyworks.com	False	False	True	True	True	True	True	US	US
397	US-036	harborfreight.com	False	False	True	True	True	True	True	US	US
398	US-038	victoriassecret.com	False	False	True	True	True	True	True	US	US
399	US-039	cricketwireless.com	False	False	True	True	True	True	True	US	US
400	US-042	bedbathandbeyond.com	False	False	True	True	ReadTimeout	True	ReadTimeout	US	US
401	US-044	kroger.com	False	False	True	True	ReadTimeout	ConnectTimeout	ReadTimeout	US	US
402	US-045	michaels.com	False	False	True	True	True	True	True	US	US
403	US-046	qvc.com	False	False	True	True	True	True	True	US	US
404	US-047	rei.com	False	False	True	True	True	True	True	US	US
405	US-048	nordstromrack.com	False	False	True	True	True	True	True	US	US
314	US-002	ca.gov	False	True	False	True	True	True	True	US	US
315	US-004	va.gov	False	True	False	True	True	True	True	US	US
316	US-005	ssa.gov	False	True	False	True	True	True	True	US	US
317	US-006	cdc.gov	False	True	False	True	True	True	True	US	US
318	US-007	irs.gov	False	True	False	True	True	True	True	US	US
319	US-008	login.gov	False	True	False	True	True	True	True	US	US
320	US-010	ny.gov	False	True	False	True	True	True	True	US	US
321	US-011	uscis.gov	False	True	False	True	True	True	True	US	US
322	US-012	townhall.com	False	True	False	True	True	True	True	US	US
323	US-013	state.gov	False	True	False	True	True	True	True	US	US
324	US-014	nyc.gov	False	True	False	True	True	True	True	US	US
325	US-018	usajobs.gov	False	True	False	True	True	True	True	US	US
326	US-019	texas.gov	False	True	False	True	True	True	True	US	US
327	US-020	wa.gov	False	True	False	True	True	True	True	US	US
328	US-021	nps.gov	False	True	False	True	True	True	True	US	US
329	US-023	usda.gov	False	True	False	True	True	True	True	US	US
330	US-025	dhs.gov	False	True	False	True	True	True	True	US	US
331	US-030	ohio.gov	False	True	False	True	True	True	True	US	US
332	US-031	pa.gov	False	True	False	True	True	True	True	US	US
333	US-033	michigan.gov	False	True	False	True	True	True	True	US	US
334	US-034	oregon.gov	False	True	False	True	True	True	True	US	US
335	US-035	usgs.gov	False	True	False	True	True	True	True	US	US
336	US-036	justice.gov	False	True	False	True	True	True	True	US	US
337	US-038	nj.gov	False	True	False	True	True	True	True	US	US
338	US-039	virginia.gov	False	True	False	True	True	SSLCertVerificationError	True	US	US
339	US-040	house.gov	False	True	False	True	True	SSLCertVerificationError	True	US	US
340	US-042	mass.gov	False	True	False	True	True	True	True	US	US
341	US-044	mn.gov	False	True	False	True	True	True	True	US	US
342	US-047	ebtedge.com	False	True	False	True	True	SSLError	True	US	US
343	US-048	mo.gov	False	True	False	True	True	True	True	US	US
344	US-049	usa.gov	False	True	False	True	True	True	True	US	US
345	US-052	maryland.gov	False	True	False	True	True	True	True	US	US
346	US-055	illinois.gov	False	True	False	True	True	True	True	US	US
347	US-057	justia.com	False	True	False	True	True	True	True	US	US
348	US-058	state.mn.us	False	True	False	True	True	True	True	US	US
349	US-060	loc.gov	False	True	False	True	True	True	True	US	US
350	US-062	bls.gov	False	True	False	True	True	SSLCertVerificationError	True	US	US
351	US-063	uscourts.gov	False	True	False	True	True	True	True	US	US
352	US-064	hhs.gov	False	True	False	True	True	True	True	US	US
353	US-065	utah.gov	False	True	False	ConnectTimeout	True	True	True	US	US
354	US-066	whitehouse.gov	False	True	False	True	True	True	True	US	US
355	US-068	tn.gov	False	True	False	True	True	True	True	US	US
356	US-069	ct.gov	False	True	False	ReadError	ReadError	True	True	US	US
357	US-072	dot.gov	False	True	False	True	True	True	True	US	US
358	US-074	ga.gov	False	True	False	True	True	True	True	US	US
359	US-076	congress.gov	False	True	False	True	True	True	True	US	US
360	US-080	treasurydirect.gov	False	True	False	True	True	True	True	US	US
361	US-082	opm.gov	False	True	False	True	True	True	True	US	US
362	US-085	georgia.gov	False	True	False	True	True	True	True	US	US
363	US-086	colorado.gov	False	True	False	True	True	True	True	US	US
364	US-088	census.gov	False	True	False	True	True	True	True	US	US
365	US-089	casetext.com	False	True	False	True	True	True	True	US	US
366	US-091	cbp.gov	False	True	False	True	True	True	True	US	US
367	US-093	state.pa.us	False	True	False	ConnectError	True	ConnectError	SSLError	US	US
368	US-094	ky.gov	False	True	False	True	True	SSLError	SSLError	US	US
369	US-095	state.mi.us	False	True	False	ConnectError	True	ConnectError	True	US	US
370	US-097	flhsmv.gov	False	True	False	True	True	True	True	US	US
371	US-099	fcc.gov	False	True	False	True	True	True	True	US	US
518	PT-001	portaldasfinancas.gov.pt	False	True	False	ConnectError	True	ConnectError	True	PT	EU
47	HU-003	startlap.hu	True	False	False	True	True	True	True	HU	EU